API 이름,API 그룹,API 명세서 업데이트,METHOD,URL,결정 논의사항,기능명세서,담당자,백 진행상황,설명,인증 필요,프론트 연결 상태
Google OAuth 로그인 / 회원가입,Auth,2026년 4월 1일,POST,/auth/google,,구글 로그인 (OAuth2) (https://www.notion.so/OAuth2-319f1fecd5bc800b83a3fccc1adb1808?pvs=21),장민주,완료,"Google OAuth 인증 코드를 이용하여 로그인 또는 회원가입을 처리하고 JWT를 발급한다.
로그인 성공 시 신규 사용자 여부를 나타내는 isNewUser 값을 함께 반환한다.",No,시작 전
FAQ 기반 채팅 시작,FAQ,,POST,/faqs/{faqId}/chat,후순위,FAQ에서 바로 채팅으로 넘어가기 (https://www.notion.so/FAQ-31af1fecd5bc80c5bd8cc398b7dfafea?pvs=21),상진 이,시작 전,"FAQ를 기반으로 새로운 채팅 세션을 생성한다.
FAQ의 질문과 답변이 초기 메시지로 자동 생성될 수 있다.",Yes,시작 전
인기 문서 조회,Documents,2026년 4월 13일,GET,/documents/popular,"문서 상세 진입 = 조회 수 증가?
출처 링크 클릭 = 클릭 수 증가?
답변에 문서가 source로 포함되면 참조 수 증가?
중복 집계 기준(같은 세션/같은 사용자/짧은 시간 내 중복 제거 여부)",인기 자료 표시 (https://www.notion.so/31af1fecd5bc80df83dfe8d4189d5d70?pvs=21),상진 이,진행 중,"최근 7일 기준 인기 문서 목록을 조회한다.
인기 문서 점수는 클릭 수, 조회 수, 채팅 답변에서의 참조 수를 합산하여 계산한다.",Yes,시작 전
내 정보 조회,Users,2026년 4월 10일,GET,/users/me,,사용자 정보 조회 (https://www.notion.so/328f1fecd5bc80e49d1fe972626405e9?pvs=21),장민주,완료,현재 로그인한 사용자 정보를 조회한다.,Yes,시작 전
FAQ 후보 승인,Admin,,POST,/admin/faqs/candidates/{candidateId}/approve,후순위,FAQ 후보 관리 (https://www.notion.so/FAQ-328f1fecd5bc80efb6dfeb4165ee3083?pvs=21),상진 이,시작 전,FAQ 후보를 승인하고 AI 답변을 생성하여 카테고리를 지정한 후 실제 FAQ로 등록한다.,Yes,시작 전
내 정보 수정,Users,2026년 4월 10일,PATCH,/users/me,,사용자 정보 수정 (https://www.notion.so/32cf1fecd5bc80b4bb51e50be54292ac?pvs=21),장민주,완료,"현재 로그인한 사용자의 프로필 정보를 수정한다.
마이페이지에서 정보 수정 시 사용한다.",Yes,시작 전
문서 업로드,Admin,2026년 4월 12일,POST,/admin/documents,,문서 업로드 (https://www.notion.so/319f1fecd5bc81ac94eac1eff2a4c26c?pvs=21),상진 이,완료,관리자가 문서를 업로드한다.,Yes,시작 전
토큰 재발급,Auth,2026년 4월 3일,POST,/auth/refresh,,토큰 재발급 (https://www.notion.so/32df1fecd5bc8024ac15f6ccbb63f031?pvs=21),장민주,완료,Refresh Token을 이용하여 새로운 Access Token을 발급한다.,Yes,시작 전
문서 상세 조회,Documents,2026년 4월 13일,GET,/documents/{documentId},,"문서 상세 조회 (https://www.notion.so/32cf1fecd5bc8043a6a1f7beb1a40781?pvs=21), FAQ 상세 조회 (https://www.notion.so/FAQ-32df1fecd5bc8046a730da901dcd4234?pvs=21)",상진 이,진행 중,"특정 문서의 상세 정보를 조회한다.
채팅 답변 출처 링크 클릭 시 연결될 수 있음",Yes,시작 전
채팅 세션 삭제,Chat,2026년 4월 12일,DELETE,/chat/sessions/{sessionId},,채팅 기록 삭제 (https://www.notion.so/31af1fecd5bc80168138e87569850f45?pvs=21),장민주,완료,채팅 세션을 즉시 삭제한다.,Yes,시작 전
문서 목록 조회,Documents,2026년 4월 13일,GET,/documents," ",문서 검색 (https://www.notion.so/31af1fecd5bc8073b1fbcecc1a0a5fc7?pvs=21),상진 이,진행 중,"[문서 목록 조회 탭에서 사용]
문서 목록 조회 탭에서 등록된 문서 목록을 조회한다.
카테고리 필터, 제목 검색, 정렬, 페이지네이션을 지원한다.",Yes,시작 전
FAQ 수동 등록,Admin,,POST,/admin/faqs,후순위,(등록된) FAQ 관리 (https://www.notion.so/FAQ-31af1fecd5bc80de8620c5d0493444fd?pvs=21),상진 이,시작 전,관리자가 FAQ를 직접 등록한다.,Yes,시작 전
FAQ 목록 조회,FAQ,,GET,/faqs,후순위,FAQ 목록 조회 (https://www.notion.so/FAQ-32cf1fecd5bc80dea19cffcbeafc8bb5?pvs=21),상진 이,시작 전,사용자가 FAQ 목록을 조회한다. 카테고리별 조회를 지원한다.,Yes,시작 전
"문서 처리 상태 ",Admin,2026년 4월 7일,GET,/admin/documents/{documentId}/status,,"임베딩 처리 상태 (https://www.notion.so/31af1fecd5bc809ea941e8fce4e99419?pvs=21), 문서 관리 (https://www.notion.so/31af1fecd5bc80f4af30ed8986c9b866?pvs=21)",상진 이,완료,업로드 후 임베딩/파싱/처리 상태를 확인한다.,Yes,시작 전
로그아웃,Auth,2026년 4월 3일,POST,/auth/logout,,로그아웃 (https://www.notion.so/319f1fecd5bc80afbabbc6d6d91998bc?pvs=21),장민주,완료,현재 로그인 세션을 종료하고 토큰을 무효화한다.,Yes,시작 전
관리자 문서 목록 조회,Admin,2026년 4월 7일,GET,/admin/documents,,문서 관리 (https://www.notion.so/31af1fecd5bc80f4af30ed8986c9b866?pvs=21),상진 이,완료,관리자가 문서 목록을 조회한다.,Yes,시작 전
채팅 메시지 전송 및 응답 수신,Chat,2026년 4월 13일,POST,/chat/sessions/{sessionId}/messages,MVP(중요),"채팅 대화 기능 (https://www.notion.so/319f1fecd5bc81d08c02c01905d4511c?pvs=21), 관련 질문 추천 (https://www.notion.so/31af1fecd5bc80478846f35f3e44d513?pvs=21), 출처 표기 및 링크 (https://www.notion.so/31af1fecd5bc80408ca8e9bb04bebca1?pvs=21), AI 답변 표시 (https://www.notion.so/AI-31af1fecd5bc801e91bcc0dd8cbd3126?pvs=21), 입력 상호작용 (https://www.notion.so/31af1fecd5bc809481c5ce3c0d9c5026?pvs=21), 멀티턴 대화 (https://www.notion.so/31af1fecd5bc80c78a8aef4839b83a8f?pvs=21), 신뢰도 표시 (https://www.notion.so/31af1fecd5bc806eb213d2f4a471e8fa?pvs=21), 파일 첨부 기능 (https://www.notion.so/31af1fecd5bc802d8658cb51ccfd8462?pvs=21), 답변 캐싱 (https://www.notion.so/320f1fecd5bc80338122fce365a14cfc?pvs=21), 세션당 채팅 제한 (https://www.notion.so/31af1fecd5bc80ed8fb7f83c6e0fc2e4?pvs=21)",장민주,진행 중,"사용자 메시지를 전송하면 AI 답변을 생성하여 함께 반환한다.
이때 답변에 대한 신뢰도, 출처 문서 정보, 추천 질문을 함께 제공한다.",Yes,시작 전
FAQ 수정,Admin,,PATCH,/admin/faqs/{faqId},후순위,(등록된) FAQ 관리 (https://www.notion.so/FAQ-31af1fecd5bc80de8620c5d0493444fd?pvs=21),상진 이,시작 전,관리자가 등록된 FAQ를 수정한다.,Yes,시작 전
문서 삭제,Admin,2026년 4월 7일,DELETE,/admin/documents/{documentId},,문서 관리 (https://www.notion.so/31af1fecd5bc80f4af30ed8986c9b866?pvs=21),상진 이,완료,관리자가 문서를 삭제한다.,Yes,시작 전
FAQ 삭제,Admin,,DELETE,/admin/faqs/{faqId},후순위,(등록된) FAQ 관리 (https://www.notion.so/FAQ-31af1fecd5bc80de8620c5d0493444fd?pvs=21),상진 이,시작 전,관리자가 등록된 FAQ를 삭제한다.,Yes,시작 전
FAQ 후보 반려,Admin,,PATCH,/admin/faqs/candidates/{candidateId}/reject,후순위,FAQ 후보 관리 (https://www.notion.so/FAQ-328f1fecd5bc80efb6dfeb4165ee3083?pvs=21),상진 이,시작 전,FAQ 후보를 반려시킨다.,Yes,시작 전
채팅 세션 상세 조회,Chat,2026년 4월 12일,GET,/chat/sessions/{sessionId},,대화 히스토리 (https://www.notion.so/31af1fecd5bc80c78fcdd296548fa1b9?pvs=21),장민주,완료,특정 채팅 세션의 메시지 목록을 조회한다.,Yes,시작 전
채팅 세션 목록 조회,Chat,2026년 4월 12일,GET,/chat/sessions,,"대화 히스토리 (https://www.notion.so/31af1fecd5bc80c78fcdd296548fa1b9?pvs=21), 채팅 기록 (https://www.notion.so/327f1fecd5bc80a59691caa35523b7d4?pvs=21), 채팅 세션 이름 검색 (https://www.notion.so/32df1fecd5bc80f5a25dd29084253eca?pvs=21)",장민주,완료,사용자의 채팅 세션 목록을 조회한다. 제목 키워드로 검색할 수 있다.,Yes,시작 전
채팅 세션 생성,Chat,2026년 4월 12일,POST,/chat/sessions,,새 채팅 시작 (https://www.notion.so/31af1fecd5bc80c28964d6e555697563?pvs=21),장민주,완료,"새로운 채팅 세션을 생성한다.
세션 제목은 서버에서 날짜+시간 기반으로 자동 생성한다.",Yes,시작 전
문서 재처리,Admin,2026년 4월 7일,POST,/admin/documents/{documentId}/reprocess,,문서 관리 (https://www.notion.so/31af1fecd5bc80f4af30ed8986c9b866?pvs=21),상진 이,완료,"문서 파싱 실패 시 문서 수정 후 재처리
임베딩 재생성",Yes,시작 전
FAQ 상세 조회,FAQ,,GET,/faqs/{faqId},후순위,,상진 이,시작 전,특정 FAQ의 상세 내용을 조회한다.,Yes,시작 전
채팅 시작 전 추천 질문 조회(자주묻는질문 top5),FAQ,,GET,/chat/recommended-questions,후순위,"자주 묻는 질문 산출 (https://www.notion.so/31af1fecd5bc8038949fd36ee90c4ae7?pvs=21), 자주 묻는 질문 top5 보이기 (https://www.notion.so/top5-31af1fecd5bc80aabd4eeb2d72544f09?pvs=21)",상진 이,시작 전,사용자가 채팅을 시작하기 전에 자주 묻는 질문 목록을 조회한다.,Yes,시작 전
FAQ 토픽 조회,FAQ,,GET,/faqs/topics,후순위,FAQ 카테고리 조회 (https://www.notion.so/FAQ-32df1fecd5bc8030a26aee94e0eb2e46?pvs=21),상진 이,시작 전,FAQ 카테고리 목록을 조회한다.,Yes,시작 전
문서 카테고리 트리 조회,Documents,2026년 4월 9일,GET,/documents/categories,,문서 목록 조회 (https://www.notion.so/319f1fecd5bc811595f0fa29d7cd190c?pvs=21),상진 이,완료,"[트리 탐색 탭에서 사용]
사전에 정의된 문서 카테고리 트리 구조를 조회한다.
문서 카테고리는 children 형태의 트리 구조로 반환한다.",Yes,시작 전
카테고리 기반 문서 조회,Documents,2026년 4월 12일,GET,/documents/by-category,,문서 목록 조회 (https://www.notion.so/319f1fecd5bc811595f0fa29d7cd190c?pvs=21),상진 이,완료,"[트리 탐색 탭에서 사용]
카테고리 트리 탐색 탭에서 선택한 하위 카테고리에 속한 문서 목록을 조회한다.
하위 카테고리로만 조회 가능하며, 상위 카테고리로 요청 시 에러를 반환 및  검색 기능은 제공하지 않음",Yes,시작 전
채팅 세션 제목 수정,Chat,2026년 4월 12일,PATCH,/chat/sessions/{sessionId},,채팅 세션 제목 수정 (https://www.notion.so/32df1fecd5bc80ab96e0fa500edb1a03?pvs=21),장민주,완료,채팅 세션 제목을 수정한다.,Yes,시작 전
FAQ 후보 목록 조회 (관리자),Admin,,GET,/admin/faqs/candidates,후순위,FAQ 후보 관리 (https://www.notion.so/FAQ-328f1fecd5bc80efb6dfeb4165ee3083?pvs=21),상진 이,시작 전,FAQ 후보 목록을 조회한다.,Yes,시작 전
통계 조회,Admin,,GET,/admin/statistics,,"사용자 유형 통계 (https://www.notion.so/31af1fecd5bc8054a29ddb5cf37fadeb?pvs=21), 서비스 사용 통계 (https://www.notion.so/327f1fecd5bc8015b570e04782bac483?pvs=21), 카테고리별 분포 통계 (https://www.notion.so/31af1fecd5bc809ab766f217e53a8ae9?pvs=21)",상진 이,시작 전,"관리자가 사용자 유형, 서비스 사용 현황, 카테고리별 분포 통계를 통합 조회한다.",Yes,시작 전
최초 프로필 입력,Users,2026년 4월 10일,POST,/users/me/profile,,최초 로그인 시 정보 입력 (https://www.notion.so/319f1fecd5bc80e1b892d1fe965be9e6?pvs=21),장민주,완료,"최초 로그인 혹은 최초 로그인 후 프로필 미입력 후 재진입 시, 최초 프로필을 입력한다.",Yes,시작 전
문서 카테고리 수정,Admin,2026년 4월 7일,PATCH,/admin/documents/{documentId}/category,,,상진 이,완료,"문서의 카테고리 항목을 수정한다.
예) SW 학사공지 → SW 취업공지",Yes,시작 전
파일 업로드,Chat,,,,후순위,"파일 첨부 기능 (https://www.notion.so/31af1fecd5bc802d8658cb51ccfd8462?pvs=21), 파일 업로드 시 전부 PDF 변환 (https://www.notion.so/PDF-31af1fecd5bc8012b4aff2eef1757e23?pvs=21)",장민주,시작 전,,Yes,시작 전